installation date,ID
20160701,870020100200104300000001
20160701,870020100200104300000002
20160701,870020100200104300000003
20160701,870020100200104300000004
20160701,870020100200104300000005
20160701,870020100200104300000006
20160701,870020100200104300000007
20160701,870020100200104300000008
20160701,870020100200104300000009
20160701,870020100200104300000010
20160701,870020100200104300000011
20160701,870020100200104300000012
20160701,870020100200104300000013
20160701,870020100200104300000014
20160701,870020100200104300000015
20160701,870020100200104300000016
20160701,870020100200104300000017
20160701,870020100200104300000018
20160701,870020100200104300000019
20160701,870020100200104300000020
20160701,870020100200104300000021
20160701,870020100200104300000022
20160701,870020100200104300000023
20160701,870020100200104300000024
20160701,870020100200104300000025
20160701,870020100200104300000026
20160701,870020100200104300000027
20160701,870020100200104300000028
20160701,870020100200104300000029
20160701,870020100200104300000030
20160701,870020100200104300000031
20160701,870020100200104300000032
20160701,870020100200104300000033
20160701,870020100200104300000034
20160701,870020100200104300000035
20160701,870020100200104300000036
20160701,870020100200104300000037
20160701,870020100200104300000038
20160701,870020100200104300000039
20160701,870020100200104300000040
20160701,870020100200104300000041
20160701,870020100200104300000042
20160701,870020100200104300000043
20160701,870020100200104300000044
20160701,870020100200104300000045
20160701,870020100200104300000046
20160701,870020100200104300000047
20160701,870020100200104300000048
20160701,870020100200104300000049
20160701,870020100200104300000050
20160708,870020100200104300000051
20160708,870020100200104300000052
20160708,870020100200104300000053
20160708,870020100200104300000054
20160708,870020100200104300000055
20160708,870020100200104300000056
20160708,870020100200104300000057
20160708,870020100200104300000058
20160708,870020100200104300000059
20160708,870020100200104300000060
20160708,870020100200104300000061
20160708,870020100200104300000062
20160708,870020100200104300000063
20160708,870020100200104300000064
20160708,870020100200104300000065
20160708,870020100200104300000066
20160708,870020100200104300000067
20160708,870020100200104300000068
20160708,870020100200104300000069
20160708,870020100200104300000070
20160708,870020100200104300000071
20160708,870020100200104300000072
20160708,870020100200104300000073
20160708,870020100200104300000074
20160708,870020100200104300000075
20160708,870020100200104300000076
20160708,870020100200104300000077
20160708,870020100200104300000078
20160708,870020100200104300000079
20160708,870020100200104300000080
20160708,870020100200104300000081
20160708,870020100200104300000082
20160708,870020100200104300000083
20160708,870020100200104300000084
20160708,870020100200104300000085
20160708,870020100200104300000086
20160708,870020100200104300000087
20160708,870020100200104300000088
20160708,870020100200104300000089
20160708,870020100200104300000090
20160708,870020100200104300000091
20160708,870020100200104300000092
20160708,870020100200104300000093
20160708,870020100200104300000094
20160708,870020100200104300000095
20160708,870020100200104300000096
20160708,870020100200104300000097
20160708,870020100200104300000098
20160708,870020100200104300000099
20160708,870020100200104300000100
20160715,870020100200104300000101
20160715,870020100200104300000102
20160715,870020100200104300000103
20160715,870020100200104300000104
20160715,870020100200104300000105
20160715,870020100200104300000106
20160715,870020100200104300000107
20160715,870020100200104300000108
20160715,870020100200104300000109
20160715,870020100200104300000110
20160715,870020100200104300000111
20160715,870020100200104300000112
20160715,870020100200104300000113
20160715,870020100200104300000114
20160715,870020100200104300000115
20160715,870020100200104300000116
20160715,870020100200104300000117
20160715,870020100200104300000118
20160715,870020100200104300000119
20160715,870020100200104300000120
20160715,870020100200104300000121
20160715,870020100200104300000122
20160715,870020100200104300000123
20160715,870020100200104300000124
20160715,870020100200104300000125
20160715,870020100200104300000126
20160715,870020100200104300000127
20160715,870020100200104300000128
20160715,870020100200104300000129
20160715,870020100200104300000130
20160715,870020100200104300000131
20160715,870020100200104300000132
20160715,870020100200104300000133
20160715,870020100200104300000134
20160715,870020100200104300000135
20160715,870020100200104300000136
20160715,870020100200104300000137
20160715,870020100200104300000138
20160715,870020100200104300000139
20160715,870020100200104300000140
20160715,870020100200104300000141
20160715,870020100200104300000142
20160715,870020100200104300000143
20160715,870020100200104300000144
20160715,870020100200104300000145
20160715,870020100200104300000146
20160715,870020100200104300000147
20160715,870020100200104300000148
20160715,870020100200104300000149
20160715,870020100200104300000150
20160723,870020100200104300000151
20160723,870020100200104300000152
20160723,870020100200104300000153
20160723,870020100200104300000154
20160723,870020100200104300000155
20160723,870020100200104300000156
20160723,870020100200104300000157
20160723,870020100200104300000158
20160723,870020100200104300000159
20160723,870020100200104300000160
20160723,870020100200104300000161
20160723,870020100200104300000162
20160723,870020100200104300000163
20160723,870020100200104300000164
20160723,870020100200104300000165
20160723,870020100200104300000166
20160723,870020100200104300000167
20160723,870020100200104300000168
20160723,870020100200104300000169
20160723,870020100200104300000170
20160723,870020100200104300000171
20160723,870020100200104300000172
20160723,870020100200104300000173
20160723,870020100200104300000174
20160723,870020100200104300000175
20160723,870020100200104300000176
20160723,870020100200104300000177
20160723,870020100200104300000178
20160723,870020100200104300000179
20160723,870020100200104300000180
20160723,870020100200104300000181
20160723,870020100200104300000182
20160723,870020100200104300000183
20160723,870020100200104300000184
20160723,870020100200104300000185
20160723,870020100200104300000186
20160723,870020100200104300000187
20160723,870020100200104300000188
20160723,870020100200104300000189
20160723,870020100200104300000190
20160723,870020100200104300000191
20160723,870020100200104300000192
20160723,870020100200104300000193
20160723,870020100200104300000194
20160723,870020100200104300000195
20160723,870020100200104300000196
20160723,870020100200104300000197
20160723,870020100200104300000198
20160723,870020100200104300000199
20160723,870020100200104300000200
20160723,870020100200104300000201
20160723,870020100200104300000202
20160723,870020100200104300000203
20160723,870020100200104300000204
20160723,870020100200104300000205
20160723,870020100200104300000206
20160723,870020100200104300000207
20160723,870020100200104300000208
20160723,870020100200104300000209
20160723,870020100200104300000210
20160723,870020100200104300000211
20160723,870020100200104300000212
20160723,870020100200104300000213
20160723,870020100200104300000214
20160723,870020100200104300000215
20160723,870020100200104300000216
20160723,870020100200104300000217
20160723,870020100200104300000218
20160723,870020100200104300000219
20160723,870020100200104300000220
20160723,870020100200104300000221
20160723,870020100200104300000222
20160723,870020100200104300000223
20160723,870020100200104300000224
20160723,870020100200104300000225
20160723,870020100200104300000226
20160723,870020100200104300000227
20160723,870020100200104300000228
20160723,870020100200104300000229
20160723,870020100200104300000230
20160723,870020100200104300000231
20160723,870020100200104300000232
20160723,870020100200104300000233
20160723,870020100200104300000234
20160723,870020100200104300000235
20160723,870020100200104300000236
20160723,870020100200104300000237
20160723,870020100200104300000238
20160723,870020100200104300000239
20160723,870020100200104300000240
20160723,870020100200104300000241
20160723,870020100200104300000242
20160723,870020100200104300000243
20160723,870020100200104300000244
20160723,870020100200104300000245
20160723,870020100200104300000246
20160723,870020100200104300000247
20160723,870020100200104300000248
20160723,870020100200104300000249
20160723,870020100200104300000250
20160827,870020100200104300000251
20160827,870020100200104300000252
20160827,870020100200104300000253
20160827,870020100200104300000254
20160827,870020100200104300000255
20160827,870020100200104300000256
20160827,870020100200104300000257
20160827,870020100200104300000258
20160827,870020100200104300000259
20160827,870020100200104300000260
20160827,870020100200104300000261
20160827,870020100200104300000262
20160827,870020100200104300000263
20160827,870020100200104300000264
20160827,870020100200104300000265
20160827,870020100200104300000266
20160827,870020100200104300000267
20160827,870020100200104300000268
20160827,870020100200104300000269
20160827,870020100200104300000270
20160827,870020100200104300000271
20160827,870020100200104300000272
20160827,870020100200104300000273
20160827,870020100200104300000274
20160827,870020100200104300000275
20160827,870020100200104300000276
20160827,870020100200104300000277
20160827,870020100200104300000278
20160827,870020100200104300000279
20160827,870020100200104300000280
20160827,870020100200104300000281
20160827,870020100200104300000282
20160827,870020100200104300000283
20160827,870020100200104300000284
20160827,870020100200104300000285
20160827,870020100200104300000286
20160827,870020100200104300000287
20160827,870020100200104300000288
20160827,870020100200104300000289
20160827,870020100200104300000290
20160827,870020100200104300000291
20160827,870020100200104300000292
20160827,870020100200104300000293
20160827,870020100200104300000294
20160827,870020100200104300000295
20160827,870020100200104300000296
20160827,870020100200104300000297
20160827,870020100200104300000298
20160827,870020100200104300000299
20160827,870020100200104300000300
20160827,870020100200104300000301
20160827,870020100200104300000302
20160827,870020100200104300000303
20160827,870020100200104300000304
20160827,870020100200104300000305
20160827,870020100200104300000306
20160827,870020100200104300000307
20160827,870020100200104300000308
20160827,870020100200104300000309
20160827,870020100200104300000310
20160827,870020100200104300000311
20160827,870020100200104300000312
20160827,870020100200104300000313
20160827,870020100200104300000314
20160827,870020100200104300000315
20160827,870020100200104300000316
20160827,870020100200104300000317
20160827,870020100200104300000318
20160827,870020100200104300000319
20160827,870020100200104300000320
20160827,870020100200104300000321
20160827,870020100200104300000322
20160827,870020100200104300000323
20160827,870020100200104300000324
20160827,870020100200104300000325
20160827,870020100200104300000326
20160827,870020100200104300000327
20160827,870020100200104300000328
20160827,870020100200104300000329
20160827,870020100200104300000330
20160827,870020100200104300000331
20160827,870020100200104300000332
20160827,870020100200104300000333
20160827,870020100200104300000334
20160827,870020100200104300000335
20160827,870020100200104300000336
20160827,870020100200104300000337
20160827,870020100200104300000338
20160827,870020100200104300000339
20160827,870020100200104300000340
20160827,870020100200104300000341
20160827,870020100200104300000342
20160827,870020100200104300000343
20160827,870020100200104300000344
20160827,870020100200104300000345
20160827,870020100200104300000346
20160827,870020100200104300000347
20160827,870020100200104300000348
20160827,870020100200104300000349
20160827,870020100200104300000350
20160920,870020100200104300000351
20160920,870020100200104300000352
20160920,870020100200104300000353
20160920,870020100200104300000354
20160920,870020100200104300000355
20160920,870020100200104300000356
20160920,870020100200104300000357
20160920,870020100200104300000358
20160920,870020100200104300000359
20160920,870020100200104300000360
20160920,870020100200104300000361
20160920,870020100200104300000362
20160920,870020100200104300000363
20160920,870020100200104300000364
20160920,870020100200104300000365
20160920,870020100200104300000366
20160920,870020100200104300000367
20160920,870020100200104300000368
20160920,870020100200104300000369
20160920,870020100200104300000370
20160920,870020100200104300000371
20160920,870020100200104300000372
20160920,870020100200104300000373
20160920,870020100200104300000374
20160920,870020100200104300000375
20160920,870020100200104300000376
20160920,870020100200104300000377
20160920,870020100200104300000378
20160920,870020100200104300000379
20160920,870020100200104300000380
20160920,870020100200104300000381
20160920,870020100200104300000382
20160920,870020100200104300000383
20160920,870020100200104300000384
20160920,870020100200104300000385
20160920,870020100200104300000386
20160920,870020100200104300000387
20160920,870020100200104300000388
20160920,870020100200104300000389
20160920,870020100200104300000390
20160920,870020100200104300000391
20160920,870020100200104300000392
20160920,870020100200104300000393
20160920,870020100200104300000394
20160920,870020100200104300000395
20160920,870020100200104300000396
20160920,870020100200104300000397
20160920,870020100200104300000398
20160920,870020100200104300000399
20160920,870020100200104300000400
20160920,870020100200104300000401
20160920,870020100200104300000402
20160920,870020100200104300000403
20160920,870020100200104300000404
20160920,870020100200104300000405
20160920,870020100200104300000406
20160920,870020100200104300000407
20160920,870020100200104300000408
20160920,870020100200104300000409
20160920,870020100200104300000410
20160920,870020100200104300000411
20160920,870020100200104300000412
20160920,870020100200104300000413
20160920,870020100200104300000414
20160920,870020100200104300000415
20160920,870020100200104300000416
20160920,870020100200104300000417
20160920,870020100200104300000418
20160920,870020100200104300000419
20160920,870020100200104300000420
20160920,870020100200104300000421
20160920,870020100200104300000422
20160920,870020100200104300000423
20160920,870020100200104300000424
20160920,870020100200104300000425
20160920,870020100200104300000426
20160920,870020100200104300000427
20160920,870020100200104300000428
20160920,870020100200104300000429
20160920,870020100200104300000430
20160920,870020100200104300000431
20160920,870020100200104300000432
20160920,870020100200104300000433
20160920,870020100200104300000434
20160920,870020100200104300000435
20160920,870020100200104300000436
20160920,870020100200104300000437
20160920,870020100200104300000438
20160920,870020100200104300000439
20160920,870020100200104300000440
20160920,870020100200104300000441
20160920,870020100200104300000442
20160920,870020100200104300000443
20160920,870020100200104300000444
20160920,870020100200104300000445
20160920,870020100200104300000446
20160920,870020100200104300000447
20160920,870020100200104300000448
20160920,870020100200104300000449
20160920,870020100200104300000450
20161009,870020100200104300000451
20161009,870020100200104300000452
20161009,870020100200104300000453
20161009,870020100200104300000454
20161009,870020100200104300000455
20161009,870020100200104300000456
20161009,870020100200104300000457
20161009,870020100200104300000458
20161009,870020100200104300000459
20161009,870020100200104300000460
20161009,870020100200104300000461
20161009,870020100200104300000462
20161009,870020100200104300000463
20161009,870020100200104300000464
20161009,870020100200104300000465
20161009,870020100200104300000466
20161009,870020100200104300000467
20161009,870020100200104300000468
20161009,870020100200104300000469
20161009,870020100200104300000470
20161009,870020100200104300000471
20161009,870020100200104300000472
20161009,870020100200104300000473
20161009,870020100200104300000474
20161009,870020100200104300000475
20161009,870020100200104300000476
20161009,870020100200104300000477
20161009,870020100200104300000478
20161009,870020100200104300000479
20161009,870020100200104300000480
20161009,870020100200104300000481
20161009,870020100200104300000482
20161009,870020100200104300000483
20161009,870020100200104300000484
20161009,870020100200104300000485
20161009,870020100200104300000486
20161009,870020100200104300000487
20161009,870020100200104300000488
20161009,870020100200104300000489
20161009,870020100200104300000490
20161009,870020100200104300000491
20161009,870020100200104300000492
20161009,870020100200104300000493
20161009,870020100200104300000494
20161009,870020100200104300000495
20161009,870020100200104300000496
20161009,870020100200104300000497
20161009,870020100200104300000498
20161009,870020100200104300000499
20161009,870020100200104300000500
20161009,870020100200104300000501
20161009,870020100200104300000502
20161009,870020100200104300000503
20161009,870020100200104300000504
20161009,870020100200104300000505
20161009,870020100200104300000506
20161009,870020100200104300000507
20161009,870020100200104300000508
20161009,870020100200104300000509
20161009,870020100200104300000510
20161009,870020100200104300000511
20161009,870020100200104300000512
20161009,870020100200104300000513
20161009,870020100200104300000514
20161009,870020100200104300000515
20161009,870020100200104300000516
20161009,870020100200104300000517
20161009,870020100200104300000518
20161009,870020100200104300000519
20161009,870020100200104300000520
20161009,870020100200104300000521
20161009,870020100200104300000522
20161009,870020100200104300000523
20161009,870020100200104300000524
20161009,870020100200104300000525
20161009,870020100200104300000526
20161009,870020100200104300000527
20161009,870020100200104300000528
20161009,870020100200104300000529
20161009,870020100200104300000530
20161009,870020100200104300000531
20161009,870020100200104300000532
20161009,870020100200104300000533
20161009,870020100200104300000534
20161009,870020100200104300000535
20161009,870020100200104300000536
20161009,870020100200104300000537
20161009,870020100200104300000538
20161009,870020100200104300000539
20161009,870020100200104300000540
20161009,870020100200104300000541
20161009,870020100200104300000542
20161009,870020100200104300000543
20161009,870020100200104300000544
20161009,870020100200104300000545
20161009,870020100200104300000546
20161009,870020100200104300000547
20161009,870020100200104300000548
20161009,870020100200104300000549
20161009,870020100200104300000550
,
,
,
,
,
,
,
,
,
,
,
,
,
,
,
,
,
,
,
,
,
,
,
,
,
,
,
,
,
,
,
,
,
,
,
,
,
,
,
,
,
,
,
,
,
,
,
,
,
,
,
,
,
,
,
,
,
,
,
,
,
,
,
,
,
,
,
,
,
,
,
,
,
,
,
,
,
,
,
,
,
,
,
,
,
,
,
,
,
,
,
,
,
,
,
,
,
,
,
,
,
,
,
,
,
,
,
,
,
,
,
,
,
,
,
,
,
,
,
,
,
,
,
,
,
,
,
,
,
,
,
,
,
,
,
,
,
,
,
,
,
,
,
,
,
,
,
,
,
,
,
,
,
,
,
,
,
,
,
,
,
,
,
,
,
,
,
,
,
,
,
,
,
,
,
,
,
,
,
,
,
,
,
,
,
,
,
,
,
,
,
,
,
,
,
,
,
,
,
,
,
,
,
,
,
,
,
,
,
,
,
,
,
,
,
,
,
,
,
,
,
,
,
,
,
,
,
,
,
,
,
,
,
,
,
,
,
,
,
,
,
,
,
,
,
,
,
,
,
,
